,BR:MCF7,BR:MDA-MB-231,BR:HS 578T,BR:BT-549,BR:T-47D,CNS:SF-268,CNS:SF-295,CNS:SF-539,CNS:SNB-19,CNS:SNB-75,CNS:U251,CO:COLO 205,CO:HCC-2998,CO:HCT-116,CO:HCT-15,CO:HT29,CO:KM12,CO:SW-620,LE:CCRF-CEM,LE:HL-60(TB),LE:K-562,LE:MOLT-4,LE:RPMI-8226,LE:SR,ME:LOX IMVI,ME:MALME-3M,ME:M14,ME:SK-MEL-2,ME:SK-MEL-28,ME:SK-MEL-5,ME:UACC-257,ME:UACC-62,ME:MDA-MB-435,ME:MDA-N,LC:A549/ATCC,LC:EKVX,LC:HOP-62,LC:HOP-92,LC:NCI-H226,LC:NCI-H23,LC:NCI-H322M,LC:NCI-H460,LC:NCI-H522,OV:IGROV1,OV:OVCAR-3,OV:OVCAR-4,OV:OVCAR-5,OV:OVCAR-8,OV:SK-OV-3,OV:NCI/ADR-RES,PR:PC-3,PR:DU-145,RE:786-0,RE:A498,RE:ACHN,RE:CAKI-1,RE:RXF 393,RE:SN12C,RE:TK-10,RE:UO-31
expAKT1,2.244,0.734,-0.415,-0.129,1.398,1.966,0.456,-0.157,0.074,0.321,0.397,-1.495,0.102,-0.08,-0.029,-0.925,-0.536,0.299,0.922,-0.558,-0.963,-0.402,-2.194,1.257,0.309,0.448,0.089,0.95,-0.159,0.046,0.733,0.935,0.677,1.204,-0.481,0.016,0.047,-1.604,-0.628,-1.36,0.031,0.192,-0.02,-0.463,-0.063,0.135,1.718,-1.178,1.128,-0.841,0.725,0.608,0.067,-1.391,-0.335,-1.253,-0.864,-0.686,-0.349,-0.811
expAMER1,0.784,0.014,-0.866,0.592,-0.803,0.102,-0.555,NA,-0.686,1.019,-1.011,-0.667,0.748,-0.596,0.092,0.352,-0.914,1.111,0.133,1.028,0.323,0.902,1.259,0.846,0.294,-0.487,0.066,0.927,-0.61,-0.899,-0.809,1.259,1.705,1.23,-0.014,-0.05,0.037,-0.861,-0.727,1.047,-1.098,0.824,0.778,0.815,1.228,0.166,-1.888,-2.202,0.165,-1.701,0.309,-1.649,0.073,0.579,-1.095,0.29,0.479,-0.763,0.61,-1.237
expAPC,0.6,-0.82,0.78,0.182,0.596,0.394,1.653,1.186,1.278,1.048,0.038,-0.452,0.471,0.076,0.256,-0.03,-0.457,-0.602,0.114,-0.923,-0.065,-0.307,-0.039,-0.612,0.925,-0.558,0.458,1.304,1.286,2.348,0.699,0.868,2.207,1.407,-0.753,-0.933,-0.702,-1.93,-0.869,-0.478,-0.564,-1.046,-0.273,-0.831,-0.02,0.548,0.222,0.237,-0.237,-0.41,-0.889,-0.496,-0.226,-0.12,-1.807,-0.703,-0.943,-0.574,0.229,-0.718
expARID1A,0.036,-1.209,-0.439,1.829,-2.938,1.519,-0.346,0.205,-0.062,0.04,0.022,-0.214,0.39,0.021,1.065,0.477,0.558,0.262,1.742,0.81,0.526,1.685,0.777,1.051,-0.582,-0.3,0.132,-0.379,-0.642,-0.095,0.678,-0.136,-0.825,-1.484,-1.094,-0.158,-0.016,-1.039,-1.553,0.953,0.333,-0.654,1.282,0.264,0.745,0.12,0.12,0.072,-0.185,0.086,0.202,-0.402,0.204,-0.875,-0.506,-1.606,0.382,1.215,-1.062,-0.889
expATM,-0.932,0.286,0.238,-0.409,-0.024,3.056,-0.265,-0.46,-0.247,0.168,-0.842,-0.412,-0.806,-0.414,-0.073,-0.542,-0.933,0.367,0.344,0.368,-0.726,0.296,1.056,-0.507,0.509,1.489,1.687,0.397,1.465,0.852,1.601,0.68,0.917,0.607,-0.745,2.73,-0.683,-0.656,0.3,0.189,-0.334,-0.477,0.51,-0.857,-1.394,-1.267,0.497,0.435,-0.572,-0.023,0.025,-0.235,-1.064,-1.064,-0.797,-0.398,-0.966,-0.405,-1.666,-0.233
expAXIN1,1.105,0.621,-1.209,-0.137,0.094,-0.318,-0.375,-0.528,-1.562,-1.101,-1.437,0.136,1.679,-0.996,1.925,2.415,-0.639,1.45,-1.328,-0.131,1.37,-0.795,1.013,0.484,0.81,-1.102,-0.188,0.277,-0.099,-0.466,0.044,-0.045,1.068,0.497,0.248,0.137,-0.546,-0.527,-0.966,0.038,-0.021,-0.052,-0.092,-0.418,-0.822,-1.749,0.324,0.564,0.92,0.728,-0.132,0.106,-0.511,-0.091,0.333,0.709,-1.249,0.023,0.685,-0.645
expAXIN2,-0.384,-0.362,-0.136,0.382,-0.748,-0.176,-0.253,-0.379,-0.286,0.287,-0.268,2.462,3.172,0.319,3.59,0.926,-0.335,3.1,-0.541,-0.543,-0.247,-0.146,-0.41,-0.668,-0.564,-0.105,-0.12,-0.547,-0.237,-0.368,-0.658,-0.156,-0.551,-0.59,0.438,0.964,-0.146,-0.482,-0.544,-0.248,-0.477,-0.534,1.081,-0.084,-0.294,0.116,0.322,-0.382,-0.528,-0.248,-0.282,-0.55,0.132,-0.413,-0.556,-0.257,-0.259,-0.46,-0.579,-0.529
expCCND1,0.288,0.74,0.391,-1.648,-0.057,0.996,0.698,-1.233,0.358,-0.608,-0.059,-0.83,0.088,0.361,0.236,-0.404,-0.242,-0.142,-2.582,-1.988,-1.97,-2.339,-1.578,-2.626,0.83,1.244,-0.108,1.764,1.195,-0.367,0.845,-0.302,-0.553,-0.492,0.025,1.184,1.135,0.356,0.907,0.763,0.975,-0.699,-0.281,0.653,0.105,-0.178,0.439,0.557,-0.054,0.512,0.731,0.138,0.54,-0.499,0.268,0.188,0.325,0.043,0.974,0.369
expCCNE1,-0.638,0.077,-0.349,-0.437,-0.529,-0.422,-0.031,-0.135,0.498,0.626,-0.823,-0.694,0.629,0.759,0.238,-0.214,-0.634,-1.77,-0.508,0.516,1.111,0.688,-0.802,0.668,-0.856,-0.742,-0.339,-0.437,0.021,-0.08,-0.032,0.944,0.332,0.377,0.461,0.538,1.151,-1.142,-0.922,1.48,-0.062,-0.823,1.264,0.523,3.544,2.877,-0.541,0.813,0.189,0.336,-1.211,-1.064,-1.075,0.055,-0.699,-0.357,-0.799,-0.63,-0.499,-0.415
expCDK4,0.363,-0.652,-1.81,0.377,-0.634,0.067,0.007,-0.361,-0.975,-1.748,-0.15,-0.679,0.673,0.009,0.831,0.053,-0.035,0.415,-0.119,0.024,0.129,0.284,0.241,-0.056,2.04,1.325,0.394,0.946,-0.754,0.816,0.49,0.823,1.019,0.751,-0.826,-2.889,-0.515,-0.928,1.044,0.285,-1.25,0.173,-0.175,0.608,0.588,-0.184,-0.925,0.173,-0.678,0.245,-0.038,-0.775,-0.547,-0.514,1.524,0.309,-1.265,1.514,0.356,0.38
expCDKN1A,-0.386,0.154,0.068,-0.621,-0.11,-0.74,-0.345,0.58,0.332,0.146,-0.372,-0.81,-0.066,1.304,-1.02,-0.662,-0.088,-1.406,-1.555,-1.394,-0.98,-1.282,0.287,1.276,2.198,1.497,-0.18,-0.435,-1.021,-0.186,1.106,1.542,-0.929,-0.558,-0.354,0.166,-0.117,0.53,2.631,0.389,0.214,-0.074,0.301,0.72,-0.895,0.676,-0.96,-0.547,-1.307,-0.372,-0.13,-0.222,-0.501,1.095,1.27,1.281,-0.631,-0.74,0.884,1.672
expCDKN2A,-0.715,-0.81,-0.392,2.111,0.092,-1.09,-0.874,1.292,-1.031,1.359,-0.738,0.31,0.943,0.385,-1.045,1.109,0.933,1.078,-0.823,0.295,-0.631,-0.801,0.901,-0.921,-0.877,-1.075,0.708,-0.03,0.609,-0.205,0.459,-0.94,1.016,0.808,-0.784,0.3,-0.325,-0.002,-0.524,0.252,-0.843,-0.814,1.048,-0.436,1.311,0.913,-1.022,1.01,-1.074,1.515,0.647,1.299,-0.995,-0.939,-0.596,-0.83,-0.833,1.073,0.812,-0.546
expCHEK2,0.892,-0.948,-0.407,0.627,0.653,-0.275,-0.603,-1.332,-1.3,-0.327,-0.921,0.452,0.971,1.495,1.684,1.467,0.67,-0.794,0.609,1.031,0.837,0.561,0.869,-0.196,-0.765,0.29,-0.156,-0.988,1.365,0.029,0.503,0.122,1.285,0.75,-0.821,-0.845,-1.078,-0.691,-1.704,1.042,0.454,0.045,0.306,-0.986,1.408,0.938,-0.892,-0.777,-0.155,-0.948,0.474,0.078,-0.587,-1.11,-0.563,-0.509,-0.182,-0.107,-0.905,-1.135
expCTNNB1,-0.15,0.009,-0.544,-0.286,-0.008,0.533,-0.658,0.109,0.813,0.04,-0.44,0.174,0.459,0.125,0.443,-0.552,0.089,0.705,-1.252,-0.938,-1.161,-1.222,-1.658,0.271,0.137,2.53,1.228,1.072,0.928,2.558,2.513,0.522,0.312,-0.016,-0.963,-0.269,0.116,-0.711,0.089,-0.724,-0.135,-0.754,-0.681,-0.398,0.517,-0.202,-0.036,0.357,-0.788,0.277,-0.298,-0.763,0.672,-1.569,-0.399,-0.884,-0.675,0.365,0.578,0.655
expCTNNB11,-0.15,0.009,-0.544,-0.286,-0.008,0.533,-0.658,0.109,0.813,0.04,-0.44,0.174,0.459,0.125,0.443,-0.552,0.089,0.705,-1.252,-0.938,-1.161,-1.222,-1.658,0.271,0.137,2.53,1.228,1.072,0.928,2.558,2.513,0.522,0.312,-0.016,-0.963,-0.269,0.116,-0.711,0.089,-0.724,-0.135,-0.754,-0.681,-0.398,0.517,-0.202,-0.036,0.357,-0.788,0.277,-0.298,-0.763,0.672,-1.569,-0.399,-0.884,-0.675,0.365,0.578,0.655
expDKK1,0.991,1.677,0.079,0.881,-0.737,1.62,1.328,-0.939,2.123,-0.173,0.873,-0.542,-0.877,0.914,-0.035,0.128,-0.986,-0.801,-0.928,-0.939,-0.849,-0.278,-0.917,-0.984,-0.022,-0.874,-0.93,0.057,-0.269,-0.713,-0.838,-0.787,-0.345,-0.715,1.575,1.465,1.362,0.296,1.362,-0.04,0.344,-0.931,-0.031,-0.792,-0.863,-0.944,1.442,0.83,0.485,-0.039,2.291,0.734,-0.941,-0.986,-1.001,-0.012,-0.858,0.592,-0.98,-0.247
expDKK2,-0.079,-0.397,0.052,-0.014,-0.082,-0.059,2.303,-0.393,-0.282,-0.471,-0.329,-0.148,-0.634,-0.108,-0.527,-0.52,-0.151,-0.208,-0.538,0.361,-0.391,-0.208,-0.086,-0.295,0.377,2.102,-0.309,0.203,0.575,2.252,4.535,-0.103,-0.079,-0.63,-0.328,-0.647,-0.31,-0.564,-0.672,-0.662,-0.376,-0.547,-0.34,0.13,1.27,-0.485,-0.313,-0.18,-0.163,0.051,0.112,-0.346,-0.297,-0.029,-0.052,-0.201,-0.273,-0.293,-0.489,-0.078
expDKK3,-0.837,-0.54,0.537,-0.179,-0.98,2.147,1.659,1.549,0.687,1.535,0.436,-0.782,-0.854,-0.893,-0.992,-0.983,-0.844,-0.839,-0.861,-0.751,-0.685,-0.755,-0.734,-1.003,-0.751,-0.643,-0.253,-0.869,-0.854,-0.332,-0.872,-0.702,-0.864,-0.817,-0.219,-0.083,0.41,0.832,0.912,-0.288,-0.774,-0.646,-0.608,-0.179,0.271,-0.054,0.546,1.315,0.734,1.452,-0.915,-0.13,1.072,0.758,1.302,1.364,1.154,1.909,1.134,1.432
expDKK4,0.328,-0.486,-0.291,0.053,1.069,0.476,-0.493,NA,-0.55,-0.977,-0.449,1.152,4.299,1.611,0.116,-0.166,0.634,-1.019,0.502,0.975,0.173,0.224,0,0.062,1.052,-1.05,0.248,0.155,0.624,1.015,0.243,-0.606,0.787,0.349,-0.626,0.238,-1.093,0.043,0.094,0.509,-0.267,-0.648,-0.331,-0.79,-0.315,-0.437,-0.919,-0.895,-0.752,-0.256,0.476,-0.493,-0.457,0.104,-1.769,0.687,-0.693,-0.406,-0.505,-0.56
expE2F3,-0.448,0.716,-0.244,0.753,-1.057,0.037,-0.635,0.425,-0.7,-0.847,-0.994,-0.952,0.365,0.422,0.153,-0.126,-2.375,-0.271,0.455,0.79,0.876,0.756,0.899,0.406,1.217,1.364,0.441,1.396,0.251,2.193,0.166,-0.34,0.771,0.799,-1.352,-0.511,0.367,-1.463,-0.445,0.575,-0.894,-0.511,2.32,-1.534,0.661,1.287,-0.688,0.76,0.033,0.722,-0.442,-0.89,-0.166,-0.611,-0.989,-0.345,-0.835,-0.501,0.029,-0.811
expFBXW7,0.303,-0.159,-0.76,-0.6,-0.295,0.028,-0.367,-0.452,-0.109,-0.197,-0.602,-0.083,0.765,0.807,0.999,0.884,0.082,0.019,2.91,1.086,-0.097,1.914,-0.588,1.236,0.958,0.076,-1.082,1.082,-0.702,-0.909,-0.68,-0.581,-0.494,-0.847,-1.303,-0.618,0.104,-0.608,0.766,0.697,-0.147,-0.414,-0.235,0.87,0.511,-0.168,0.231,-1.159,0.619,-1.323,0.64,-1.897,-0.372,-0.721,-0.129,0.593,-0.966,0.009,0.65,0.42
expFZD10,0.036,-0.053,-0.013,-0.321,-0.036,-0.373,-0.018,-0.3,-0.624,-0.412,-0.129,3.975,-0.028,-0.154,-0.166,-0.347,-0.209,4.486,-0.368,-0.121,0.048,-0.35,-0.023,-0.783,-0.502,-0.554,-0.168,-0.858,-0.135,-0.481,-0.141,-0.171,-0.318,-0.298,-0.055,0.49,-0.246,-0.219,-0.393,0.46,1.335,1.666,-0.208,0.068,-0.196,-0.26,-0.2,-0.19,-0.341,0.139,-0.433,-0.237,-0.156,-0.094,-0.323,0.105,-0.019,-0.229,-0.236,-0.469
expGSK3B,-0.377,-1.141,1.02,0.247,0.649,0.103,0.44,0.755,-0.403,-0.027,-1.167,0.556,0.453,-0.016,0.244,0.135,0.194,-0.975,-0.455,-1.001,-2.338,0.57,-0.938,-0.336,0.493,1.33,1.086,1.174,1.084,0.674,0.797,1.616,1.346,0.876,-0.823,-0.665,-0.202,-0.678,-0.64,0.441,0.239,-0.525,-0.801,-0.703,1.168,0.603,-1.065,0.772,0.216,0.488,1.426,-0.967,-0.157,-0.933,-1.247,0.016,-2.265,0.175,-0.048,0.163
expLRP5,0.535,0.473,0.564,-0.779,0.544,-0.38,-1.256,-1.073,-0.666,-1.207,-0.592,1.753,0.96,0.224,0.875,1.894,0.496,2.594,-1.281,0.327,-0.256,-0.021,0.479,-0.782,-2.194,-0.687,-1.201,-1.194,0.2,-0.601,-0.366,0.093,-0.916,-1.137,0.359,1.947,-0.076,-0.403,-0.356,0.594,1.359,0.217,-0.132,0.201,-0.337,0.116,2.727,-0.659,-0.429,-0.727,0.452,0.201,0.031,-0.142,-0.69,0.28,-0.68,-0.731,0.248,0.259
expLRP6,-0.982,-0.414,-0.36,-0.308,-1.208,0.82,0.289,-0.051,-0.455,0.712,0.251,0.691,0.038,0.02,1.374,-0.055,0.972,1.92,-2.549,-0.518,-0.741,-0.163,-0.55,-3.944,0.377,0.829,-0.04,0.765,-0.276,-0.055,0.147,0.965,-0.727,-0.804,0.99,0.127,0.953,-1.031,-0.329,0.757,1.224,-0.648,-0.319,1.505,1.104,0.534,0.178,-0.087,-0.262,-0.281,-0.622,0.152,0.066,-0.835,0.598,1.041,0.037,-0.945,0.004,0.033
expMDM2,0.914,-0.774,-0.93,-0.486,0.759,-0.492,-0.641,-0.634,-0.126,-0.739,-0.428,-0.083,-0.741,0.575,0.259,-0.204,-0.467,-0.804,-0.201,-0.671,-0.248,0.288,0.319,0.902,1.364,1.544,-0.214,-0.492,-0.185,-0.279,2.515,1.469,-0.853,-0.965,-0.436,-0.763,-0.353,-0.343,2.716,0.894,0.487,0.023,-0.447,0.58,-0.336,0.697,-1.106,-0.568,-0.746,-0.887,-0.362,-0.378,-0.965,0.551,1.037,0.607,-1.522,-0.204,-0.136,2.183
expMDM4,2.425,0.161,-1.559,0.063,1.015,0.253,-1.348,0.488,-0.521,-0.249,-0.617,-1.871,-0.467,1.253,1.084,0.741,-0.69,0.216,0.821,0.376,-0.034,0.772,0.837,1.445,-0.155,1.043,-0.021,0.619,-1.038,1.727,0.233,-0.617,-0.253,-0.395,-0.273,1.356,-0.624,-0.581,-0.399,0.037,-0.264,1.069,-0.177,0.309,-1,-0.298,0.195,-0.358,-0.61,-0.574,0.638,-0.026,-0.792,-1.016,0.16,0.245,-1.075,0.022,0.591,-1.926
expMEN1,0.258,0.686,-1.146,-1.16,1.015,-0.208,0.035,-1.902,-0.773,-1.241,-0.593,-0.166,0.7,1.304,0.721,0.393,0.401,0.787,0.409,-0.005,0.739,1.221,0.425,1.255,0.934,-1.592,-0.325,-2.071,-1.235,0.047,0.075,-0.481,1.412,0.934,-0.325,-0.356,0.815,-0.692,-0.148,-0.306,-0.343,-0.961,1.396,-0.508,-0.432,-0.525,0.469,1.763,0.201,1.552,0.454,0.776,0.244,-2.073,-0.547,0.17,-2.08,-0.288,-0.06,-0.468
expMYC,0.326,-0.118,-0.304,0.447,-1.328,-0.845,-0.952,-0.397,-1.366,-1.179,-1.614,0.626,0.372,0.8,0.345,0.136,0.668,1.053,0.542,3.261,1.206,1.486,2.341,0.338,1.471,-0.108,0.178,-0.865,0.162,0.646,0.105,-0.17,-0.125,-0.312,-0.145,-1.296,-0.22,-0.213,-0.273,-0.195,-1.076,0.17,0.58,0.152,-0.946,-0.671,-0.74,-0.287,-0.763,0.067,1.195,-1.155,-0.498,-0.657,-0.126,0.776,-0.197,-0.612,0.368,-0.281
expPIK3CA,-0.429,0.144,0.943,-0.471,1.318,0.251,0.245,1.742,0.172,0.991,0.033,0.306,1.191,-0.053,-0.649,-0.056,0.084,-0.592,0.776,-0.21,-0.899,-0.832,1.584,0.642,1.075,0.797,1.181,1.875,0.227,-0.279,-0.282,0.195,1.901,1.264,-2.036,-1.606,0.085,0.603,-1.563,-0.013,0.099,-1.364,-0.241,-2.038,0.01,-0.43,0.451,-0.574,-0.488,-0.707,1.138,-0.267,-0.402,-1.295,-0.932,-0.117,-1.346,-0.135,0.341,0.231
expPTCH1,-1.1,0.669,-1.749,0.104,-1.554,0.429,0.288,0.09,-0.522,0.973,-0.557,0.381,0.451,-0.311,1.824,0.079,0.272,0.841,-0.508,0.182,-0.196,-1.977,0.348,2.283,0.424,0.634,1.343,1,0.749,-0.142,-1.367,0.851,1.036,1.157,-0.2,0.114,-0.247,-0.227,-1.079,0.931,-0.522,-0.434,1.756,1.38,-0.13,0.053,-0.696,-0.757,-1.053,-1.226,-1.92,-0.249,-0.068,0.126,0.6,0.346,-0.514,-0.905,-0.2,-1.182
expRB1,-0.344,0.54,0.178,-2.773,0.107,0.68,0.961,-1.907,0.728,-2.544,0.177,1.734,-1.379,0.39,0.563,0.405,0.534,0.057,1.642,0.448,-0.591,1.656,0.237,0.106,0.602,0.54,0.468,0.269,-0.044,-0.335,0.611,-0.974,0.174,-0.132,-0.381,0.448,-0.304,0.431,0.525,-0.067,-0.117,0.157,-1.969,-0.861,-0.524,-0.253,0.015,-1.906,0.727,-2.719,0.247,-0.267,-0.013,0.349,0.272,0.551,0.558,-0.211,0.245,0.607
expRNF43,1.221,-0.168,-0.514,-0.695,-0.174,-0.885,-0.324,-0.56,-0.558,-0.457,-0.706,2.529,2.487,1.918,2.134,2.649,1.389,1.755,-0.519,-0.87,-0.328,-0.724,-0.717,-0.763,-0.906,0.453,0.54,-0.603,0.43,0.262,0.158,0.463,0.515,0.426,1.228,0.587,-0.689,-0.384,0.171,-0.229,0.403,-0.645,-0.801,-0.751,-0.273,0.074,-0.166,-0.764,-0.756,-0.614,-0.086,0.014,-0.468,-0.662,-0.776,-0.783,-0.799,-0.787,-0.634,-0.7
expSFRP1,-0.571,-0.543,-0.452,1.7,-0.689,-0.165,0.062,-0.586,0.843,1.604,1.483,-0.523,-0.624,-0.707,-0.689,-0.686,-0.603,-0.658,-0.655,-0.552,-0.602,-0.567,-0.636,-0.696,-0.543,2.127,2.814,-0.109,2.325,-0.282,1.057,1.042,-0.408,-0.568,0.526,-0.688,2.132,-0.63,-0.282,-0.247,-0.703,-0.691,-0.587,-0.479,2.028,0.423,-0.68,-0.596,0.111,-0.502,-0.615,0.552,-0.579,-0.627,0.329,0.038,-0.649,1.171,-0.62,-0.507
expSFRP2,-0.186,-0.288,0.513,2.902,-0.361,-0.347,-0.209,-0.294,-0.207,5.745,-0.217,-0.13,-0.239,-0.252,-0.214,-0.183,-0.064,-0.168,-0.211,-0.137,-0.198,-0.055,-0.034,-0.418,-0.13,-0.359,-0.285,-0.24,-0.278,-0.212,-0.366,-0.161,-0.341,-0.289,-0.254,-0.324,-0.239,-0.24,-0.162,-0.391,-0.253,-0.3,-0.147,-0.014,-0.047,-0.119,-0.158,-0.215,-0.229,-0.051,-0.25,-0.244,0.154,-0.244,-0.02,0.019,2.099,-0.173,-0.222,-0.269
expSFRP4,-0.234,-0.396,0.665,-0.428,-0.474,-0.404,-0.301,1.938,0.11,2.646,0.64,-0.386,-0.365,-0.505,-0.313,-0.43,-0.245,-0.315,-0.32,-0.343,-0.248,-0.32,0.028,-0.406,-0.319,-0.491,-0.477,-0.487,-0.38,-0.398,-0.492,-0.377,-0.397,-0.342,1.071,-0.098,-0.363,-0.289,-0.052,-0.268,-0.338,-0.293,4.852,-0.187,-0.353,-0.372,-0.172,-0.394,-0.363,-0.234,-0.421,-0.37,-0.141,1.851,0.515,0.569,0.038,-0.341,-0.136,2.248
expSFRP5,-0.36,-0.116,-0.212,-0.11,-0.25,-0.506,-0.123,-0.429,-0.123,-0.268,-0.252,-0.381,-0.328,-0.449,-0.491,-0.286,-0.023,3.065,-0.057,0.042,0.118,-0.082,0.39,-0.431,-0.458,5.835,-0.469,-0.405,-0.081,-0.605,-0.72,-0.206,-0.306,-0.727,0.043,-0.066,0.159,-0.12,0.01,0.379,-0.032,-0.121,0.226,0.089,0.135,-0.238,0.334,-0.091,-0.296,0.056,0.108,-0.144,-0.245,-0.034,-0.087,-0.114,0.05,-0.387,-0.143,-0.074
expSMAD2,-0.188,-0.306,0.672,0.179,-0.479,0.198,-0.075,-0.312,-1.644,-0.215,-1.884,-0.738,0.183,0.659,0.954,-0.179,-1.186,-1.101,1.299,1.55,-1.192,0.275,0.229,-0.335,0.667,0.743,-0.145,0.63,0.015,-0.632,0.625,-0.849,-0.04,-0.331,1.207,2.897,-0.501,0.779,-0.441,0.52,-0.357,1.174,0.254,0.058,-0.103,0.508,-1.543,-0.996,1.248,-1.58,-1.161,0.522,-0.038,-0.998,-0.201,-0.152,0.005,0.667,0.491,0.499
expSMAD4,-0.45,0.093,0.575,0.438,-0.307,0.934,0.434,0.332,-1.175,0.18,-0.865,-3.203,0.254,0.695,1.068,-1.682,-0.442,-3.391,0.759,0.777,-0.483,-0.077,0.848,0.689,1.131,0.951,-0.239,0.808,-0.447,0.209,0.352,-0.733,0.025,-0.1,-0.293,0.455,-0.696,0.393,0.074,0.212,-0.8,0.106,0.105,-0.361,-0.226,-1.615,-0.693,0.857,0.839,0.581,-0.208,0.144,0.443,-0.23,0.755,0.479,0.414,0.297,1.004,0.256
expSOX9,-1.012,0.952,-0.355,0.01,-0.226,-0.217,1.072,0.046,1.585,-0.424,1.523,1.658,0.88,0.957,1.463,1.141,1.83,1.369,-1.288,-0.909,-0.934,-0.866,-1.005,-1.014,0.772,-1.316,-1.158,-1.382,-1.283,-0.825,-0.556,-1.089,1.301,1.388,-0.1,0.764,1.036,1.237,0.436,-1.073,-0.145,0.082,-1.07,-0.29,0.313,-0.643,1.011,-0.645,-1.1,0.065,0.958,-0.512,-0.467,-0.3,-1.017,0.101,-0.257,-0.044,-0.006,-0.35
expTCF7,-0.573,-0.486,0.09,-0.03,-0.633,-0.222,0.85,0.269,-0.368,0.041,-0.156,2.714,0.336,0.249,0.283,0.795,0.615,0.284,3.631,-0.503,-0.006,3.889,-0.619,-0.85,-0.542,0.046,-0.044,-0.262,-0.502,-0.197,-0.816,-0.528,-0.788,-0.628,-0.191,-0.174,0.197,-0.416,-0.268,-0.045,-0.643,-0.561,-0.377,-0.506,-0.262,-0.409,0.243,-0.382,-0.303,-0.383,-0.039,-0.314,0.581,0.29,-0.58,-0.288,-0.04,-0.341,0.451,-0.403
expTCF7L1,0.261,-0.734,1.521,-0.077,2.872,0.598,-0.863,-0.078,0.504,-0.275,0.171,-0.842,-0.845,0.617,0.144,-0.874,-0.722,-0.665,-0.687,-0.632,-0.705,-0.768,-1.062,-1.238,-0.523,0.091,1.067,-0.3,0.436,0.689,0.289,-0.051,-0.803,-1.345,0.279,1.189,-0.233,-0.896,0.6,-0.028,0.247,-0.732,2.36,1.506,1.145,1.233,0.114,0.259,1.081,0.45,-1.179,-0.153,-0.999,0.403,-0.512,0.489,-0.573,0.359,-0.753,-0.95
expTCF7L2,-0.755,-0.244,-0.887,-0.429,-0.314,-0.397,-0.73,0.169,0.9,-0.208,0.345,0.49,0.989,3.269,0.482,1.696,1.126,1.251,-0.524,-1.04,-1.794,-0.513,-1.396,-2.236,-0.066,-0.101,0.229,-0.079,-0.41,-0.056,-0.829,-0.724,0.669,0.611,0.362,0.244,-1.101,-0.085,0.235,-0.337,1.246,-0.015,0.184,-0.021,0.113,-0.049,2.211,-0.005,0.48,-0.533,0.146,0.246,-0.704,-0.097,0.011,0.049,-0.033,-0.737,0.111,-0.275
expTLE1,-0.161,0.876,-1.184,-0.07,-0.006,0.364,-1.417,-0.53,-0.284,0.611,-0.009,-1.051,-1.114,-0.853,-0.195,-0.026,0.43,-2.233,0.511,-1.117,-2.025,-1.408,-1.451,-1.883,-0.001,-0.058,0.926,1.004,0.246,0.258,-0.053,-0.056,1.199,0.714,0.481,0.504,-0.129,0.104,-0.308,-0.124,0.092,-1.79,-0.618,0.798,0.916,1.114,0.13,0.762,1.751,-0.068,0.076,0.087,0.791,0.798,0.114,0.828,0.222,1.104,1.403,0.677
expTLE2,2.385,-0.529,-0.167,0.084,1.588,-0.169,-0.411,0.404,-0.522,0.148,-0.382,-0.343,-0.57,1.614,0.947,-0.826,0.023,-0.686,-0.649,-0.353,0.908,-0.542,-0.127,-0.548,-0.502,-0.652,-0.999,-0.835,-0.388,0.009,-0.802,-0.267,-0.881,-0.464,-0.254,3.281,-0.241,-0.653,-0.451,2.192,0.938,-0.278,1.087,0.259,0.173,-0.148,-0.518,0.316,0.294,0.726,-0.657,1.167,-0.564,-0.178,-0.357,-0.332,-0.636,0.054,0.682,-0.92
expTLE3,1.923,1.083,0.253,-1.86,0.766,-0.188,-0.534,-0.311,-0.242,-0.527,0.708,0.574,-0.452,-0.101,-0.493,-0.457,0.139,1.672,0.951,-0.047,0.266,0.966,1.448,3.123,-0.276,0.67,0.4,0.282,0.075,-0.675,0.129,-0.389,-0.788,-0.625,-0.23,0.082,0.361,0.461,-0.308,-0.08,0.479,0.693,-0.076,0.413,-0.46,-0.484,0.499,-1.572,-0.607,-1.635,0.181,-0.203,-0.651,0.318,-0.893,-0.636,0.38,-2.041,-0.431,-1.296
expTLE4,-1.14,-1.095,0.851,2.628,-1.247,1.437,0.781,0.985,-0.022,1.109,-0.01,-0.533,-0.982,-1.222,-0.325,-0.347,-0.576,-1.25,1.146,1.156,-0.426,0.768,-0.223,-1.136,1.803,-1.174,0.015,-0.523,-1.085,-0.385,-1.275,0.268,0.099,-0.233,-0.094,0.592,0.188,-1.049,1.18,-1.146,0.128,-0.641,-1.044,-1.125,-0.427,-1.096,-0.123,0.291,-0.055,1.014,0.031,-0.341,1.146,1.082,0.964,1.146,0.661,0.121,0.681,0.814
expTP53,1.153,0.855,0.831,1.72,0.594,1.247,0.514,-0.966,0.698,0.292,0.418,-0.05,-1.174,0.537,0.581,0.308,0.489,0.981,1.181,-2.372,-1.886,0.311,-0.239,0.327,-0.126,0.207,0.652,-0.668,-0.325,-0.194,-0.737,-0.702,1.08,0.869,0.815,-1.867,-1.755,-0.629,0.919,0.296,0.841,0.259,-1.956,0.406,0.074,0.297,-1.648,0.576,-1.91,0.182,-1.987,0.78,-0.48,0.103,0.491,0.081,-0.109,-0.69,-0.8,0.746
expWIF1,-0.002,0.167,-0.315,0.269,0.845,0.141,-0.441,-0.996,-0.769,0.395,0.703,-0.18,0.026,0.625,-1.868,-0.264,-0.248,-0.257,-1.137,-0.952,-0.093,-0.707,0.177,-0.931,-0.89,-0.194,-0.769,-0.819,0.154,-0.895,-1.237,0.734,-0.208,-0.518,-0.173,-0.759,-0.852,0.427,-0.331,0.023,0.722,-0.897,1.537,0.568,0.303,-0.231,0.281,0.931,-0.541,2.018,1.53,1.093,0.471,0.508,1.203,0.73,-0.32,0.838,0.628,0.414
expZNRF3,0.098,-0.235,0.015,-0.541,-0.504,-0.202,0.202,-0.033,-0.15,0.065,-0.163,2.638,2.038,-0.02,2.854,2.035,0.219,2.413,-2.08,-0.249,-0.632,-1.436,0.056,-1.168,-0.393,-0.086,-0.637,-0.532,0.219,-0.151,-0.305,0.177,-0.587,-0.625,0.784,0.676,0.048,-0.497,-1.12,-0.055,-0.123,-0.669,-0.042,0.132,1.261,0.177,-0.116,-0.585,0.528,-0.521,-0.214,-0.439,0.549,-0.571,0.098,-0.366,-0.387,-0.848,0.21,-0.257
